audio_path,class_name,fold,feature_path
data\original_audio\blues\blues.00000.au,blues,4,data/train_features/blues.00000.pickle
data\original_audio\blues\blues.00001.au,blues,0,data/train_features/blues.00001.pickle
data\original_audio\blues\blues.00002.au,blues,0,data/train_features/blues.00002.pickle
data\original_audio\blues\blues.00003.au,blues,3,data/train_features/blues.00003.pickle
data\original_audio\blues\blues.00004.au,blues,0,data/train_features/blues.00004.pickle
data\original_audio\blues\blues.00005.au,blues,4,data/train_features/blues.00005.pickle
data\original_audio\blues\blues.00006.au,blues,2,data/train_features/blues.00006.pickle
data\original_audio\blues\blues.00007.au,blues,2,data/train_features/blues.00007.pickle
data\original_audio\blues\blues.00008.au,blues,0,data/train_features/blues.00008.pickle
data\original_audio\blues\blues.00009.au,blues,3,data/train_features/blues.00009.pickle
data\original_audio\blues\blues.00010.au,blues,0,data/train_features/blues.00010.pickle
data\original_audio\blues\blues.00011.au,blues,4,data/train_features/blues.00011.pickle
data\original_audio\blues\blues.00012.au,blues,2,data/train_features/blues.00012.pickle
data\original_audio\blues\blues.00013.au,blues,3,data/train_features/blues.00013.pickle
data\original_audio\blues\blues.00014.au,blues,1,data/train_features/blues.00014.pickle
data\original_audio\blues\blues.00015.au,blues,3,data/train_features/blues.00015.pickle
data\original_audio\blues\blues.00016.au,blues,0,data/train_features/blues.00016.pickle
data\original_audio\blues\blues.00017.au,blues,0,data/train_features/blues.00017.pickle
data\original_audio\blues\blues.00018.au,blues,0,data/train_features/blues.00018.pickle
data\original_audio\blues\blues.00019.au,blues,4,data/train_features/blues.00019.pickle
data\original_audio\blues\blues.00020.au,blues,2,data/train_features/blues.00020.pickle
data\original_audio\blues\blues.00021.au,blues,4,data/train_features/blues.00021.pickle
data\original_audio\blues\blues.00023.au,blues,2,data/train_features/blues.00023.pickle
data\original_audio\blues\blues.00024.au,blues,1,data/train_features/blues.00024.pickle
data\original_audio\blues\blues.00025.au,blues,0,data/train_features/blues.00025.pickle
data\original_audio\blues\blues.00027.au,blues,2,data/train_features/blues.00027.pickle
data\original_audio\blues\blues.00028.au,blues,1,data/train_features/blues.00028.pickle
data\original_audio\blues\blues.00029.au,blues,0,data/train_features/blues.00029.pickle
data\original_audio\blues\blues.00030.au,blues,1,data/train_features/blues.00030.pickle
data\original_audio\blues\blues.00031.au,blues,1,data/train_features/blues.00031.pickle
data\original_audio\blues\blues.00032.au,blues,3,data/train_features/blues.00032.pickle
data\original_audio\blues\blues.00033.au,blues,4,data/train_features/blues.00033.pickle
data\original_audio\blues\blues.00034.au,blues,1,data/train_features/blues.00034.pickle
data\original_audio\blues\blues.00035.au,blues,2,data/train_features/blues.00035.pickle
data\original_audio\blues\blues.00036.au,blues,3,data/train_features/blues.00036.pickle
data\original_audio\blues\blues.00037.au,blues,0,data/train_features/blues.00037.pickle
data\original_audio\blues\blues.00038.au,blues,1,data/train_features/blues.00038.pickle
data\original_audio\blues\blues.00039.au,blues,1,data/train_features/blues.00039.pickle
data\original_audio\blues\blues.00040.au,blues,4,data/train_features/blues.00040.pickle
data\original_audio\blues\blues.00041.au,blues,2,data/train_features/blues.00041.pickle
data\original_audio\blues\blues.00042.au,blues,3,data/train_features/blues.00042.pickle
data\original_audio\blues\blues.00043.au,blues,4,data/train_features/blues.00043.pickle
data\original_audio\blues\blues.00044.au,blues,0,data/train_features/blues.00044.pickle
data\original_audio\blues\blues.00045.au,blues,4,data/train_features/blues.00045.pickle
data\original_audio\blues\blues.00046.au,blues,1,data/train_features/blues.00046.pickle
data\original_audio\blues\blues.00047.au,blues,3,data/train_features/blues.00047.pickle
data\original_audio\blues\blues.00048.au,blues,1,data/train_features/blues.00048.pickle
data\original_audio\blues\blues.00049.au,blues,4,data/train_features/blues.00049.pickle
data\original_audio\blues\blues.00050.au,blues,3,data/train_features/blues.00050.pickle
data\original_audio\blues\blues.00051.au,blues,2,data/train_features/blues.00051.pickle
data\original_audio\blues\blues.00052.au,blues,1,data/train_features/blues.00052.pickle
data\original_audio\blues\blues.00053.au,blues,3,data/train_features/blues.00053.pickle
data\original_audio\blues\blues.00054.au,blues,1,data/train_features/blues.00054.pickle
data\original_audio\blues\blues.00055.au,blues,2,data/train_features/blues.00055.pickle
data\original_audio\blues\blues.00056.au,blues,2,data/train_features/blues.00056.pickle
data\original_audio\blues\blues.00057.au,blues,3,data/train_features/blues.00057.pickle
data\original_audio\blues\blues.00058.au,blues,3,data/train_features/blues.00058.pickle
data\original_audio\blues\blues.00059.au,blues,2,data/train_features/blues.00059.pickle
data\original_audio\blues\blues.00060.au,blues,2,data/train_features/blues.00060.pickle
data\original_audio\blues\blues.00061.au,blues,4,data/train_features/blues.00061.pickle
data\original_audio\blues\blues.00062.au,blues,2,data/train_features/blues.00062.pickle
data\original_audio\blues\blues.00063.au,blues,1,data/train_features/blues.00063.pickle
data\original_audio\blues\blues.00064.au,blues,3,data/train_features/blues.00064.pickle
data\original_audio\blues\blues.00065.au,blues,1,data/train_features/blues.00065.pickle
data\original_audio\blues\blues.00066.au,blues,3,data/train_features/blues.00066.pickle
data\original_audio\blues\blues.00069.au,blues,1,data/train_features/blues.00069.pickle
data\original_audio\blues\blues.00070.au,blues,2,data/train_features/blues.00070.pickle
data\original_audio\blues\blues.00071.au,blues,4,data/train_features/blues.00071.pickle
data\original_audio\blues\blues.00072.au,blues,3,data/train_features/blues.00072.pickle
data\original_audio\blues\blues.00073.au,blues,3,data/train_features/blues.00073.pickle
data\original_audio\blues\blues.00074.au,blues,2,data/train_features/blues.00074.pickle
data\original_audio\blues\blues.00075.au,blues,2,data/train_features/blues.00075.pickle
data\original_audio\blues\blues.00076.au,blues,4,data/train_features/blues.00076.pickle
data\original_audio\blues\blues.00078.au,blues,0,data/train_features/blues.00078.pickle
data\original_audio\blues\blues.00079.au,blues,4,data/train_features/blues.00079.pickle
data\original_audio\blues\blues.00080.au,blues,4,data/train_features/blues.00080.pickle
data\original_audio\blues\blues.00082.au,blues,0,data/train_features/blues.00082.pickle
data\original_audio\blues\blues.00083.au,blues,0,data/train_features/blues.00083.pickle
data\original_audio\blues\blues.00084.au,blues,2,data/train_features/blues.00084.pickle
data\original_audio\blues\blues.00085.au,blues,3,data/train_features/blues.00085.pickle
data\original_audio\blues\blues.00087.au,blues,1,data/train_features/blues.00087.pickle
data\original_audio\blues\blues.00088.au,blues,0,data/train_features/blues.00088.pickle
data\original_audio\blues\blues.00089.au,blues,4,data/train_features/blues.00089.pickle
data\original_audio\blues\blues.00092.au,blues,4,data/train_features/blues.00092.pickle
data\original_audio\blues\blues.00093.au,blues,1,data/train_features/blues.00093.pickle
data\original_audio\blues\blues.00094.au,blues,0,data/train_features/blues.00094.pickle
data\original_audio\blues\blues.00095.au,blues,3,data/train_features/blues.00095.pickle
data\original_audio\blues\blues.00097.au,blues,4,data/train_features/blues.00097.pickle
data\original_audio\blues\blues.00098.au,blues,1,data/train_features/blues.00098.pickle
data\original_audio\blues\blues.00099.au,blues,0,data/train_features/blues.00099.pickle
data\original_audio\classical\classical.00000.au,classical,4,data/train_features/classical.00000.pickle
data\original_audio\classical\classical.00001.au,classical,0,data/train_features/classical.00001.pickle
data\original_audio\classical\classical.00002.au,classical,1,data/train_features/classical.00002.pickle
data\original_audio\classical\classical.00003.au,classical,1,data/train_features/classical.00003.pickle
data\original_audio\classical\classical.00004.au,classical,3,data/train_features/classical.00004.pickle
data\original_audio\classical\classical.00005.au,classical,0,data/train_features/classical.00005.pickle
data\original_audio\classical\classical.00006.au,classical,2,data/train_features/classical.00006.pickle
data\original_audio\classical\classical.00007.au,classical,3,data/train_features/classical.00007.pickle
data\original_audio\classical\classical.00008.au,classical,2,data/train_features/classical.00008.pickle
data\original_audio\classical\classical.00009.au,classical,4,data/train_features/classical.00009.pickle
data\original_audio\classical\classical.00010.au,classical,0,data/train_features/classical.00010.pickle
data\original_audio\classical\classical.00011.au,classical,3,data/train_features/classical.00011.pickle
data\original_audio\classical\classical.00012.au,classical,2,data/train_features/classical.00012.pickle
data\original_audio\classical\classical.00013.au,classical,1,data/train_features/classical.00013.pickle
data\original_audio\classical\classical.00014.au,classical,3,data/train_features/classical.00014.pickle
data\original_audio\classical\classical.00015.au,classical,3,data/train_features/classical.00015.pickle
data\original_audio\classical\classical.00016.au,classical,0,data/train_features/classical.00016.pickle
data\original_audio\classical\classical.00017.au,classical,3,data/train_features/classical.00017.pickle
data\original_audio\classical\classical.00018.au,classical,4,data/train_features/classical.00018.pickle
data\original_audio\classical\classical.00020.au,classical,2,data/train_features/classical.00020.pickle
data\original_audio\classical\classical.00021.au,classical,0,data/train_features/classical.00021.pickle
data\original_audio\classical\classical.00023.au,classical,0,data/train_features/classical.00023.pickle
data\original_audio\classical\classical.00024.au,classical,3,data/train_features/classical.00024.pickle
data\original_audio\classical\classical.00025.au,classical,4,data/train_features/classical.00025.pickle
data\original_audio\classical\classical.00026.au,classical,2,data/train_features/classical.00026.pickle
data\original_audio\classical\classical.00029.au,classical,2,data/train_features/classical.00029.pickle
data\original_audio\classical\classical.00030.au,classical,0,data/train_features/classical.00030.pickle
data\original_audio\classical\classical.00031.au,classical,2,data/train_features/classical.00031.pickle
data\original_audio\classical\classical.00032.au,classical,3,data/train_features/classical.00032.pickle
data\original_audio\classical\classical.00033.au,classical,4,data/train_features/classical.00033.pickle
data\original_audio\classical\classical.00034.au,classical,3,data/train_features/classical.00034.pickle
data\original_audio\classical\classical.00035.au,classical,1,data/train_features/classical.00035.pickle
data\original_audio\classical\classical.00036.au,classical,4,data/train_features/classical.00036.pickle
data\original_audio\classical\classical.00037.au,classical,3,data/train_features/classical.00037.pickle
data\original_audio\classical\classical.00038.au,classical,1,data/train_features/classical.00038.pickle
data\original_audio\classical\classical.00039.au,classical,0,data/train_features/classical.00039.pickle
data\original_audio\classical\classical.00040.au,classical,3,data/train_features/classical.00040.pickle
data\original_audio\classical\classical.00041.au,classical,1,data/train_features/classical.00041.pickle
data\original_audio\classical\classical.00042.au,classical,1,data/train_features/classical.00042.pickle
data\original_audio\classical\classical.00043.au,classical,2,data/train_features/classical.00043.pickle
data\original_audio\classical\classical.00044.au,classical,1,data/train_features/classical.00044.pickle
data\original_audio\classical\classical.00046.au,classical,0,data/train_features/classical.00046.pickle
data\original_audio\classical\classical.00047.au,classical,4,data/train_features/classical.00047.pickle
data\original_audio\classical\classical.00048.au,classical,2,data/train_features/classical.00048.pickle
data\original_audio\classical\classical.00049.au,classical,2,data/train_features/classical.00049.pickle
data\original_audio\classical\classical.00050.au,classical,4,data/train_features/classical.00050.pickle
data\original_audio\classical\classical.00051.au,classical,4,data/train_features/classical.00051.pickle
data\original_audio\classical\classical.00052.au,classical,2,data/train_features/classical.00052.pickle
data\original_audio\classical\classical.00053.au,classical,0,data/train_features/classical.00053.pickle
data\original_audio\classical\classical.00054.au,classical,0,data/train_features/classical.00054.pickle
data\original_audio\classical\classical.00055.au,classical,4,data/train_features/classical.00055.pickle
data\original_audio\classical\classical.00056.au,classical,4,data/train_features/classical.00056.pickle
data\original_audio\classical\classical.00057.au,classical,1,data/train_features/classical.00057.pickle
data\original_audio\classical\classical.00058.au,classical,1,data/train_features/classical.00058.pickle
data\original_audio\classical\classical.00059.au,classical,1,data/train_features/classical.00059.pickle
data\original_audio\classical\classical.00060.au,classical,3,data/train_features/classical.00060.pickle
data\original_audio\classical\classical.00061.au,classical,1,data/train_features/classical.00061.pickle
data\original_audio\classical\classical.00062.au,classical,1,data/train_features/classical.00062.pickle
data\original_audio\classical\classical.00064.au,classical,4,data/train_features/classical.00064.pickle
data\original_audio\classical\classical.00065.au,classical,3,data/train_features/classical.00065.pickle
data\original_audio\classical\classical.00066.au,classical,1,data/train_features/classical.00066.pickle
data\original_audio\classical\classical.00069.au,classical,4,data/train_features/classical.00069.pickle
data\original_audio\classical\classical.00070.au,classical,2,data/train_features/classical.00070.pickle
data\original_audio\classical\classical.00071.au,classical,0,data/train_features/classical.00071.pickle
data\original_audio\classical\classical.00072.au,classical,3,data/train_features/classical.00072.pickle
data\original_audio\classical\classical.00073.au,classical,0,data/train_features/classical.00073.pickle
data\original_audio\classical\classical.00074.au,classical,1,data/train_features/classical.00074.pickle
data\original_audio\classical\classical.00075.au,classical,2,data/train_features/classical.00075.pickle
data\original_audio\classical\classical.00076.au,classical,4,data/train_features/classical.00076.pickle
data\original_audio\classical\classical.00077.au,classical,0,data/train_features/classical.00077.pickle
data\original_audio\classical\classical.00078.au,classical,0,data/train_features/classical.00078.pickle
data\original_audio\classical\classical.00079.au,classical,1,data/train_features/classical.00079.pickle
data\original_audio\classical\classical.00080.au,classical,2,data/train_features/classical.00080.pickle
data\original_audio\classical\classical.00081.au,classical,0,data/train_features/classical.00081.pickle
data\original_audio\classical\classical.00082.au,classical,0,data/train_features/classical.00082.pickle
data\original_audio\classical\classical.00083.au,classical,4,data/train_features/classical.00083.pickle
data\original_audio\classical\classical.00084.au,classical,3,data/train_features/classical.00084.pickle
data\original_audio\classical\classical.00085.au,classical,3,data/train_features/classical.00085.pickle
data\original_audio\classical\classical.00086.au,classical,2,data/train_features/classical.00086.pickle
data\original_audio\classical\classical.00088.au,classical,1,data/train_features/classical.00088.pickle
data\original_audio\classical\classical.00089.au,classical,2,data/train_features/classical.00089.pickle
data\original_audio\classical\classical.00090.au,classical,0,data/train_features/classical.00090.pickle
data\original_audio\classical\classical.00091.au,classical,3,data/train_features/classical.00091.pickle
data\original_audio\classical\classical.00092.au,classical,2,data/train_features/classical.00092.pickle
data\original_audio\classical\classical.00093.au,classical,3,data/train_features/classical.00093.pickle
data\original_audio\classical\classical.00094.au,classical,4,data/train_features/classical.00094.pickle
data\original_audio\classical\classical.00095.au,classical,4,data/train_features/classical.00095.pickle
data\original_audio\classical\classical.00096.au,classical,1,data/train_features/classical.00096.pickle
data\original_audio\classical\classical.00098.au,classical,4,data/train_features/classical.00098.pickle
data\original_audio\classical\classical.00099.au,classical,2,data/train_features/classical.00099.pickle
data\original_audio\country\country.00000.au,country,2,data/train_features/country.00000.pickle
data\original_audio\country\country.00001.au,country,0,data/train_features/country.00001.pickle
data\original_audio\country\country.00002.au,country,1,data/train_features/country.00002.pickle
data\original_audio\country\country.00003.au,country,4,data/train_features/country.00003.pickle
data\original_audio\country\country.00004.au,country,0,data/train_features/country.00004.pickle
data\original_audio\country\country.00005.au,country,0,data/train_features/country.00005.pickle
data\original_audio\country\country.00006.au,country,2,data/train_features/country.00006.pickle
data\original_audio\country\country.00007.au,country,1,data/train_features/country.00007.pickle
data\original_audio\country\country.00008.au,country,3,data/train_features/country.00008.pickle
data\original_audio\country\country.00009.au,country,4,data/train_features/country.00009.pickle
data\original_audio\country\country.00010.au,country,1,data/train_features/country.00010.pickle
data\original_audio\country\country.00011.au,country,0,data/train_features/country.00011.pickle
data\original_audio\country\country.00013.au,country,1,data/train_features/country.00013.pickle
data\original_audio\country\country.00014.au,country,4,data/train_features/country.00014.pickle
data\original_audio\country\country.00015.au,country,3,data/train_features/country.00015.pickle
data\original_audio\country\country.00016.au,country,1,data/train_features/country.00016.pickle
data\original_audio\country\country.00017.au,country,1,data/train_features/country.00017.pickle
data\original_audio\country\country.00018.au,country,3,data/train_features/country.00018.pickle
data\original_audio\country\country.00019.au,country,4,data/train_features/country.00019.pickle
data\original_audio\country\country.00020.au,country,0,data/train_features/country.00020.pickle
data\original_audio\country\country.00021.au,country,3,data/train_features/country.00021.pickle
data\original_audio\country\country.00022.au,country,4,data/train_features/country.00022.pickle
data\original_audio\country\country.00023.au,country,0,data/train_features/country.00023.pickle
data\original_audio\country\country.00024.au,country,4,data/train_features/country.00024.pickle
data\original_audio\country\country.00025.au,country,2,data/train_features/country.00025.pickle
data\original_audio\country\country.00026.au,country,1,data/train_features/country.00026.pickle
data\original_audio\country\country.00027.au,country,0,data/train_features/country.00027.pickle
data\original_audio\country\country.00028.au,country,2,data/train_features/country.00028.pickle
data\original_audio\country\country.00029.au,country,2,data/train_features/country.00029.pickle
data\original_audio\country\country.00030.au,country,4,data/train_features/country.00030.pickle
data\original_audio\country\country.00031.au,country,3,data/train_features/country.00031.pickle
data\original_audio\country\country.00033.au,country,2,data/train_features/country.00033.pickle
data\original_audio\country\country.00034.au,country,0,data/train_features/country.00034.pickle
data\original_audio\country\country.00035.au,country,1,data/train_features/country.00035.pickle
data\original_audio\country\country.00036.au,country,3,data/train_features/country.00036.pickle
data\original_audio\country\country.00037.au,country,4,data/train_features/country.00037.pickle
data\original_audio\country\country.00038.au,country,4,data/train_features/country.00038.pickle
data\original_audio\country\country.00039.au,country,0,data/train_features/country.00039.pickle
data\original_audio\country\country.00040.au,country,1,data/train_features/country.00040.pickle
data\original_audio\country\country.00041.au,country,1,data/train_features/country.00041.pickle
data\original_audio\country\country.00043.au,country,0,data/train_features/country.00043.pickle
data\original_audio\country\country.00044.au,country,0,data/train_features/country.00044.pickle
data\original_audio\country\country.00045.au,country,4,data/train_features/country.00045.pickle
data\original_audio\country\country.00046.au,country,1,data/train_features/country.00046.pickle
data\original_audio\country\country.00047.au,country,1,data/train_features/country.00047.pickle
data\original_audio\country\country.00048.au,country,3,data/train_features/country.00048.pickle
data\original_audio\country\country.00049.au,country,2,data/train_features/country.00049.pickle
data\original_audio\country\country.00050.au,country,3,data/train_features/country.00050.pickle
data\original_audio\country\country.00051.au,country,0,data/train_features/country.00051.pickle
data\original_audio\country\country.00052.au,country,2,data/train_features/country.00052.pickle
data\original_audio\country\country.00053.au,country,2,data/train_features/country.00053.pickle
data\original_audio\country\country.00054.au,country,0,data/train_features/country.00054.pickle
data\original_audio\country\country.00055.au,country,3,data/train_features/country.00055.pickle
data\original_audio\country\country.00056.au,country,2,data/train_features/country.00056.pickle
data\original_audio\country\country.00058.au,country,4,data/train_features/country.00058.pickle
data\original_audio\country\country.00060.au,country,2,data/train_features/country.00060.pickle
data\original_audio\country\country.00061.au,country,0,data/train_features/country.00061.pickle
data\original_audio\country\country.00062.au,country,3,data/train_features/country.00062.pickle
data\original_audio\country\country.00063.au,country,4,data/train_features/country.00063.pickle
data\original_audio\country\country.00064.au,country,3,data/train_features/country.00064.pickle
data\original_audio\country\country.00065.au,country,3,data/train_features/country.00065.pickle
data\original_audio\country\country.00066.au,country,3,data/train_features/country.00066.pickle
data\original_audio\country\country.00067.au,country,4,data/train_features/country.00067.pickle
data\original_audio\country\country.00068.au,country,3,data/train_features/country.00068.pickle
data\original_audio\country\country.00069.au,country,4,data/train_features/country.00069.pickle
data\original_audio\country\country.00071.au,country,1,data/train_features/country.00071.pickle
data\original_audio\country\country.00072.au,country,3,data/train_features/country.00072.pickle
data\original_audio\country\country.00074.au,country,4,data/train_features/country.00074.pickle
data\original_audio\country\country.00075.au,country,0,data/train_features/country.00075.pickle
data\original_audio\country\country.00076.au,country,1,data/train_features/country.00076.pickle
data\original_audio\country\country.00077.au,country,4,data/train_features/country.00077.pickle
data\original_audio\country\country.00078.au,country,2,data/train_features/country.00078.pickle
data\original_audio\country\country.00079.au,country,2,data/train_features/country.00079.pickle
data\original_audio\country\country.00082.au,country,1,data/train_features/country.00082.pickle
data\original_audio\country\country.00083.au,country,4,data/train_features/country.00083.pickle
data\original_audio\country\country.00084.au,country,1,data/train_features/country.00084.pickle
data\original_audio\country\country.00086.au,country,0,data/train_features/country.00086.pickle
data\original_audio\country\country.00087.au,country,4,data/train_features/country.00087.pickle
data\original_audio\country\country.00088.au,country,0,data/train_features/country.00088.pickle
data\original_audio\country\country.00089.au,country,2,data/train_features/country.00089.pickle
data\original_audio\country\country.00090.au,country,1,data/train_features/country.00090.pickle
data\original_audio\country\country.00091.au,country,2,data/train_features/country.00091.pickle
data\original_audio\country\country.00092.au,country,3,data/train_features/country.00092.pickle
data\original_audio\country\country.00093.au,country,2,data/train_features/country.00093.pickle
data\original_audio\country\country.00094.au,country,0,data/train_features/country.00094.pickle
data\original_audio\country\country.00095.au,country,3,data/train_features/country.00095.pickle
data\original_audio\country\country.00096.au,country,2,data/train_features/country.00096.pickle
data\original_audio\country\country.00097.au,country,1,data/train_features/country.00097.pickle
data\original_audio\country\country.00098.au,country,3,data/train_features/country.00098.pickle
data\original_audio\country\country.00099.au,country,2,data/train_features/country.00099.pickle
data\original_audio\disco\disco.00000.au,disco,4,data/train_features/disco.00000.pickle
data\original_audio\disco\disco.00001.au,disco,4,data/train_features/disco.00001.pickle
data\original_audio\disco\disco.00002.au,disco,4,data/train_features/disco.00002.pickle
data\original_audio\disco\disco.00003.au,disco,2,data/train_features/disco.00003.pickle
data\original_audio\disco\disco.00005.au,disco,0,data/train_features/disco.00005.pickle
data\original_audio\disco\disco.00006.au,disco,2,data/train_features/disco.00006.pickle
data\original_audio\disco\disco.00007.au,disco,4,data/train_features/disco.00007.pickle
data\original_audio\disco\disco.00008.au,disco,0,data/train_features/disco.00008.pickle
data\original_audio\disco\disco.00009.au,disco,1,data/train_features/disco.00009.pickle
data\original_audio\disco\disco.00010.au,disco,3,data/train_features/disco.00010.pickle
data\original_audio\disco\disco.00011.au,disco,1,data/train_features/disco.00011.pickle
data\original_audio\disco\disco.00012.au,disco,0,data/train_features/disco.00012.pickle
data\original_audio\disco\disco.00013.au,disco,4,data/train_features/disco.00013.pickle
data\original_audio\disco\disco.00014.au,disco,3,data/train_features/disco.00014.pickle
data\original_audio\disco\disco.00015.au,disco,0,data/train_features/disco.00015.pickle
data\original_audio\disco\disco.00016.au,disco,0,data/train_features/disco.00016.pickle
data\original_audio\disco\disco.00018.au,disco,1,data/train_features/disco.00018.pickle
data\original_audio\disco\disco.00019.au,disco,1,data/train_features/disco.00019.pickle
data\original_audio\disco\disco.00020.au,disco,0,data/train_features/disco.00020.pickle
data\original_audio\disco\disco.00021.au,disco,3,data/train_features/disco.00021.pickle
data\original_audio\disco\disco.00022.au,disco,3,data/train_features/disco.00022.pickle
data\original_audio\disco\disco.00023.au,disco,2,data/train_features/disco.00023.pickle
data\original_audio\disco\disco.00024.au,disco,0,data/train_features/disco.00024.pickle
data\original_audio\disco\disco.00025.au,disco,4,data/train_features/disco.00025.pickle
data\original_audio\disco\disco.00026.au,disco,2,data/train_features/disco.00026.pickle
data\original_audio\disco\disco.00027.au,disco,4,data/train_features/disco.00027.pickle
data\original_audio\disco\disco.00028.au,disco,3,data/train_features/disco.00028.pickle
data\original_audio\disco\disco.00029.au,disco,4,data/train_features/disco.00029.pickle
data\original_audio\disco\disco.00031.au,disco,2,data/train_features/disco.00031.pickle
data\original_audio\disco\disco.00032.au,disco,2,data/train_features/disco.00032.pickle
data\original_audio\disco\disco.00033.au,disco,4,data/train_features/disco.00033.pickle
data\original_audio\disco\disco.00034.au,disco,1,data/train_features/disco.00034.pickle
data\original_audio\disco\disco.00035.au,disco,1,data/train_features/disco.00035.pickle
data\original_audio\disco\disco.00036.au,disco,2,data/train_features/disco.00036.pickle
data\original_audio\disco\disco.00037.au,disco,0,data/train_features/disco.00037.pickle
data\original_audio\disco\disco.00038.au,disco,1,data/train_features/disco.00038.pickle
data\original_audio\disco\disco.00039.au,disco,1,data/train_features/disco.00039.pickle
data\original_audio\disco\disco.00040.au,disco,1,data/train_features/disco.00040.pickle
data\original_audio\disco\disco.00041.au,disco,2,data/train_features/disco.00041.pickle
data\original_audio\disco\disco.00043.au,disco,4,data/train_features/disco.00043.pickle
data\original_audio\disco\disco.00044.au,disco,0,data/train_features/disco.00044.pickle
data\original_audio\disco\disco.00045.au,disco,0,data/train_features/disco.00045.pickle
data\original_audio\disco\disco.00046.au,disco,3,data/train_features/disco.00046.pickle
data\original_audio\disco\disco.00047.au,disco,2,data/train_features/disco.00047.pickle
data\original_audio\disco\disco.00048.au,disco,2,data/train_features/disco.00048.pickle
data\original_audio\disco\disco.00049.au,disco,3,data/train_features/disco.00049.pickle
data\original_audio\disco\disco.00050.au,disco,1,data/train_features/disco.00050.pickle
data\original_audio\disco\disco.00051.au,disco,4,data/train_features/disco.00051.pickle
data\original_audio\disco\disco.00052.au,disco,1,data/train_features/disco.00052.pickle
data\original_audio\disco\disco.00053.au,disco,2,data/train_features/disco.00053.pickle
data\original_audio\disco\disco.00054.au,disco,0,data/train_features/disco.00054.pickle
data\original_audio\disco\disco.00055.au,disco,4,data/train_features/disco.00055.pickle
data\original_audio\disco\disco.00056.au,disco,2,data/train_features/disco.00056.pickle
data\original_audio\disco\disco.00057.au,disco,1,data/train_features/disco.00057.pickle
data\original_audio\disco\disco.00058.au,disco,4,data/train_features/disco.00058.pickle
data\original_audio\disco\disco.00060.au,disco,3,data/train_features/disco.00060.pickle
data\original_audio\disco\disco.00061.au,disco,2,data/train_features/disco.00061.pickle
data\original_audio\disco\disco.00062.au,disco,0,data/train_features/disco.00062.pickle
data\original_audio\disco\disco.00063.au,disco,0,data/train_features/disco.00063.pickle
data\original_audio\disco\disco.00064.au,disco,3,data/train_features/disco.00064.pickle
data\original_audio\disco\disco.00065.au,disco,1,data/train_features/disco.00065.pickle
data\original_audio\disco\disco.00066.au,disco,2,data/train_features/disco.00066.pickle
data\original_audio\disco\disco.00067.au,disco,3,data/train_features/disco.00067.pickle
data\original_audio\disco\disco.00068.au,disco,4,data/train_features/disco.00068.pickle
data\original_audio\disco\disco.00069.au,disco,1,data/train_features/disco.00069.pickle
data\original_audio\disco\disco.00070.au,disco,1,data/train_features/disco.00070.pickle
data\original_audio\disco\disco.00071.au,disco,4,data/train_features/disco.00071.pickle
data\original_audio\disco\disco.00072.au,disco,2,data/train_features/disco.00072.pickle
data\original_audio\disco\disco.00073.au,disco,4,data/train_features/disco.00073.pickle
data\original_audio\disco\disco.00075.au,disco,1,data/train_features/disco.00075.pickle
data\original_audio\disco\disco.00076.au,disco,4,data/train_features/disco.00076.pickle
data\original_audio\disco\disco.00077.au,disco,0,data/train_features/disco.00077.pickle
data\original_audio\disco\disco.00078.au,disco,3,data/train_features/disco.00078.pickle
data\original_audio\disco\disco.00079.au,disco,1,data/train_features/disco.00079.pickle
data\original_audio\disco\disco.00080.au,disco,3,data/train_features/disco.00080.pickle
data\original_audio\disco\disco.00081.au,disco,0,data/train_features/disco.00081.pickle
data\original_audio\disco\disco.00083.au,disco,3,data/train_features/disco.00083.pickle
data\original_audio\disco\disco.00084.au,disco,3,data/train_features/disco.00084.pickle
data\original_audio\disco\disco.00085.au,disco,0,data/train_features/disco.00085.pickle
data\original_audio\disco\disco.00086.au,disco,2,data/train_features/disco.00086.pickle
data\original_audio\disco\disco.00087.au,disco,0,data/train_features/disco.00087.pickle
data\original_audio\disco\disco.00088.au,disco,3,data/train_features/disco.00088.pickle
data\original_audio\disco\disco.00089.au,disco,3,data/train_features/disco.00089.pickle
data\original_audio\disco\disco.00090.au,disco,2,data/train_features/disco.00090.pickle
data\original_audio\disco\disco.00092.au,disco,3,data/train_features/disco.00092.pickle
data\original_audio\disco\disco.00093.au,disco,3,data/train_features/disco.00093.pickle
data\original_audio\disco\disco.00094.au,disco,0,data/train_features/disco.00094.pickle
data\original_audio\disco\disco.00095.au,disco,2,data/train_features/disco.00095.pickle
data\original_audio\disco\disco.00098.au,disco,1,data/train_features/disco.00098.pickle
data\original_audio\disco\disco.00099.au,disco,4,data/train_features/disco.00099.pickle
data\original_audio\hiphop\hiphop.00000.au,hiphop,0,data/train_features/hiphop.00000.pickle
data\original_audio\hiphop\hiphop.00001.au,hiphop,0,data/train_features/hiphop.00001.pickle
data\original_audio\hiphop\hiphop.00002.au,hiphop,0,data/train_features/hiphop.00002.pickle
data\original_audio\hiphop\hiphop.00003.au,hiphop,2,data/train_features/hiphop.00003.pickle
data\original_audio\hiphop\hiphop.00004.au,hiphop,3,data/train_features/hiphop.00004.pickle
data\original_audio\hiphop\hiphop.00005.au,hiphop,1,data/train_features/hiphop.00005.pickle
data\original_audio\hiphop\hiphop.00006.au,hiphop,0,data/train_features/hiphop.00006.pickle
data\original_audio\hiphop\hiphop.00007.au,hiphop,2,data/train_features/hiphop.00007.pickle
data\original_audio\hiphop\hiphop.00008.au,hiphop,2,data/train_features/hiphop.00008.pickle
data\original_audio\hiphop\hiphop.00009.au,hiphop,0,data/train_features/hiphop.00009.pickle
data\original_audio\hiphop\hiphop.00010.au,hiphop,4,data/train_features/hiphop.00010.pickle
data\original_audio\hiphop\hiphop.00011.au,hiphop,3,data/train_features/hiphop.00011.pickle
data\original_audio\hiphop\hiphop.00012.au,hiphop,4,data/train_features/hiphop.00012.pickle
data\original_audio\hiphop\hiphop.00013.au,hiphop,4,data/train_features/hiphop.00013.pickle
data\original_audio\hiphop\hiphop.00014.au,hiphop,3,data/train_features/hiphop.00014.pickle
data\original_audio\hiphop\hiphop.00015.au,hiphop,1,data/train_features/hiphop.00015.pickle
data\original_audio\hiphop\hiphop.00016.au,hiphop,4,data/train_features/hiphop.00016.pickle
data\original_audio\hiphop\hiphop.00017.au,hiphop,4,data/train_features/hiphop.00017.pickle
data\original_audio\hiphop\hiphop.00018.au,hiphop,3,data/train_features/hiphop.00018.pickle
data\original_audio\hiphop\hiphop.00020.au,hiphop,1,data/train_features/hiphop.00020.pickle
data\original_audio\hiphop\hiphop.00021.au,hiphop,2,data/train_features/hiphop.00021.pickle
data\original_audio\hiphop\hiphop.00022.au,hiphop,3,data/train_features/hiphop.00022.pickle
data\original_audio\hiphop\hiphop.00023.au,hiphop,1,data/train_features/hiphop.00023.pickle
data\original_audio\hiphop\hiphop.00025.au,hiphop,3,data/train_features/hiphop.00025.pickle
data\original_audio\hiphop\hiphop.00026.au,hiphop,0,data/train_features/hiphop.00026.pickle
data\original_audio\hiphop\hiphop.00027.au,hiphop,3,data/train_features/hiphop.00027.pickle
data\original_audio\hiphop\hiphop.00028.au,hiphop,4,data/train_features/hiphop.00028.pickle
data\original_audio\hiphop\hiphop.00029.au,hiphop,1,data/train_features/hiphop.00029.pickle
data\original_audio\hiphop\hiphop.00030.au,hiphop,3,data/train_features/hiphop.00030.pickle
data\original_audio\hiphop\hiphop.00031.au,hiphop,1,data/train_features/hiphop.00031.pickle
data\original_audio\hiphop\hiphop.00033.au,hiphop,1,data/train_features/hiphop.00033.pickle
data\original_audio\hiphop\hiphop.00034.au,hiphop,3,data/train_features/hiphop.00034.pickle
data\original_audio\hiphop\hiphop.00035.au,hiphop,1,data/train_features/hiphop.00035.pickle
data\original_audio\hiphop\hiphop.00036.au,hiphop,4,data/train_features/hiphop.00036.pickle
data\original_audio\hiphop\hiphop.00037.au,hiphop,4,data/train_features/hiphop.00037.pickle
data\original_audio\hiphop\hiphop.00038.au,hiphop,3,data/train_features/hiphop.00038.pickle
data\original_audio\hiphop\hiphop.00039.au,hiphop,1,data/train_features/hiphop.00039.pickle
data\original_audio\hiphop\hiphop.00041.au,hiphop,0,data/train_features/hiphop.00041.pickle
data\original_audio\hiphop\hiphop.00042.au,hiphop,2,data/train_features/hiphop.00042.pickle
data\original_audio\hiphop\hiphop.00043.au,hiphop,4,data/train_features/hiphop.00043.pickle
data\original_audio\hiphop\hiphop.00044.au,hiphop,1,data/train_features/hiphop.00044.pickle
data\original_audio\hiphop\hiphop.00045.au,hiphop,1,data/train_features/hiphop.00045.pickle
data\original_audio\hiphop\hiphop.00047.au,hiphop,4,data/train_features/hiphop.00047.pickle
data\original_audio\hiphop\hiphop.00048.au,hiphop,2,data/train_features/hiphop.00048.pickle
data\original_audio\hiphop\hiphop.00049.au,hiphop,3,data/train_features/hiphop.00049.pickle
data\original_audio\hiphop\hiphop.00050.au,hiphop,4,data/train_features/hiphop.00050.pickle
data\original_audio\hiphop\hiphop.00051.au,hiphop,1,data/train_features/hiphop.00051.pickle
data\original_audio\hiphop\hiphop.00052.au,hiphop,2,data/train_features/hiphop.00052.pickle
data\original_audio\hiphop\hiphop.00053.au,hiphop,3,data/train_features/hiphop.00053.pickle
data\original_audio\hiphop\hiphop.00054.au,hiphop,0,data/train_features/hiphop.00054.pickle
data\original_audio\hiphop\hiphop.00055.au,hiphop,4,data/train_features/hiphop.00055.pickle
data\original_audio\hiphop\hiphop.00056.au,hiphop,0,data/train_features/hiphop.00056.pickle
data\original_audio\hiphop\hiphop.00057.au,hiphop,3,data/train_features/hiphop.00057.pickle
data\original_audio\hiphop\hiphop.00058.au,hiphop,1,data/train_features/hiphop.00058.pickle
data\original_audio\hiphop\hiphop.00060.au,hiphop,3,data/train_features/hiphop.00060.pickle
data\original_audio\hiphop\hiphop.00061.au,hiphop,3,data/train_features/hiphop.00061.pickle
data\original_audio\hiphop\hiphop.00062.au,hiphop,0,data/train_features/hiphop.00062.pickle
data\original_audio\hiphop\hiphop.00063.au,hiphop,1,data/train_features/hiphop.00063.pickle
data\original_audio\hiphop\hiphop.00064.au,hiphop,4,data/train_features/hiphop.00064.pickle
data\original_audio\hiphop\hiphop.00065.au,hiphop,2,data/train_features/hiphop.00065.pickle
data\original_audio\hiphop\hiphop.00066.au,hiphop,1,data/train_features/hiphop.00066.pickle
data\original_audio\hiphop\hiphop.00067.au,hiphop,2,data/train_features/hiphop.00067.pickle
data\original_audio\hiphop\hiphop.00069.au,hiphop,0,data/train_features/hiphop.00069.pickle
data\original_audio\hiphop\hiphop.00070.au,hiphop,0,data/train_features/hiphop.00070.pickle
data\original_audio\hiphop\hiphop.00071.au,hiphop,2,data/train_features/hiphop.00071.pickle
data\original_audio\hiphop\hiphop.00072.au,hiphop,4,data/train_features/hiphop.00072.pickle
data\original_audio\hiphop\hiphop.00073.au,hiphop,0,data/train_features/hiphop.00073.pickle
data\original_audio\hiphop\hiphop.00074.au,hiphop,3,data/train_features/hiphop.00074.pickle
data\original_audio\hiphop\hiphop.00075.au,hiphop,2,data/train_features/hiphop.00075.pickle
data\original_audio\hiphop\hiphop.00076.au,hiphop,4,data/train_features/hiphop.00076.pickle
data\original_audio\hiphop\hiphop.00077.au,hiphop,0,data/train_features/hiphop.00077.pickle
data\original_audio\hiphop\hiphop.00078.au,hiphop,2,data/train_features/hiphop.00078.pickle
data\original_audio\hiphop\hiphop.00079.au,hiphop,3,data/train_features/hiphop.00079.pickle
data\original_audio\hiphop\hiphop.00080.au,hiphop,4,data/train_features/hiphop.00080.pickle
data\original_audio\hiphop\hiphop.00081.au,hiphop,0,data/train_features/hiphop.00081.pickle
data\original_audio\hiphop\hiphop.00082.au,hiphop,2,data/train_features/hiphop.00082.pickle
data\original_audio\hiphop\hiphop.00083.au,hiphop,3,data/train_features/hiphop.00083.pickle
data\original_audio\hiphop\hiphop.00085.au,hiphop,4,data/train_features/hiphop.00085.pickle
data\original_audio\hiphop\hiphop.00086.au,hiphop,1,data/train_features/hiphop.00086.pickle
data\original_audio\hiphop\hiphop.00087.au,hiphop,0,data/train_features/hiphop.00087.pickle
data\original_audio\hiphop\hiphop.00088.au,hiphop,0,data/train_features/hiphop.00088.pickle
data\original_audio\hiphop\hiphop.00089.au,hiphop,2,data/train_features/hiphop.00089.pickle
data\original_audio\hiphop\hiphop.00090.au,hiphop,0,data/train_features/hiphop.00090.pickle
data\original_audio\hiphop\hiphop.00091.au,hiphop,2,data/train_features/hiphop.00091.pickle
data\original_audio\hiphop\hiphop.00092.au,hiphop,2,data/train_features/hiphop.00092.pickle
data\original_audio\hiphop\hiphop.00093.au,hiphop,2,data/train_features/hiphop.00093.pickle
data\original_audio\hiphop\hiphop.00094.au,hiphop,1,data/train_features/hiphop.00094.pickle
data\original_audio\hiphop\hiphop.00095.au,hiphop,2,data/train_features/hiphop.00095.pickle
data\original_audio\hiphop\hiphop.00096.au,hiphop,4,data/train_features/hiphop.00096.pickle
data\original_audio\hiphop\hiphop.00098.au,hiphop,1,data/train_features/hiphop.00098.pickle
data\original_audio\jazz\jazz.00000.au,jazz,0,data/train_features/jazz.00000.pickle
data\original_audio\jazz\jazz.00001.au,jazz,2,data/train_features/jazz.00001.pickle
data\original_audio\jazz\jazz.00002.au,jazz,2,data/train_features/jazz.00002.pickle
data\original_audio\jazz\jazz.00003.au,jazz,0,data/train_features/jazz.00003.pickle
data\original_audio\jazz\jazz.00004.au,jazz,3,data/train_features/jazz.00004.pickle
data\original_audio\jazz\jazz.00005.au,jazz,1,data/train_features/jazz.00005.pickle
data\original_audio\jazz\jazz.00006.au,jazz,4,data/train_features/jazz.00006.pickle
data\original_audio\jazz\jazz.00007.au,jazz,1,data/train_features/jazz.00007.pickle
data\original_audio\jazz\jazz.00009.au,jazz,1,data/train_features/jazz.00009.pickle
data\original_audio\jazz\jazz.00010.au,jazz,2,data/train_features/jazz.00010.pickle
data\original_audio\jazz\jazz.00011.au,jazz,4,data/train_features/jazz.00011.pickle
data\original_audio\jazz\jazz.00013.au,jazz,0,data/train_features/jazz.00013.pickle
data\original_audio\jazz\jazz.00014.au,jazz,3,data/train_features/jazz.00014.pickle
data\original_audio\jazz\jazz.00015.au,jazz,1,data/train_features/jazz.00015.pickle
data\original_audio\jazz\jazz.00016.au,jazz,1,data/train_features/jazz.00016.pickle
data\original_audio\jazz\jazz.00019.au,jazz,4,data/train_features/jazz.00019.pickle
data\original_audio\jazz\jazz.00020.au,jazz,1,data/train_features/jazz.00020.pickle
data\original_audio\jazz\jazz.00021.au,jazz,0,data/train_features/jazz.00021.pickle
data\original_audio\jazz\jazz.00022.au,jazz,4,data/train_features/jazz.00022.pickle
data\original_audio\jazz\jazz.00023.au,jazz,2,data/train_features/jazz.00023.pickle
data\original_audio\jazz\jazz.00024.au,jazz,1,data/train_features/jazz.00024.pickle
data\original_audio\jazz\jazz.00025.au,jazz,3,data/train_features/jazz.00025.pickle
data\original_audio\jazz\jazz.00026.au,jazz,4,data/train_features/jazz.00026.pickle
data\original_audio\jazz\jazz.00027.au,jazz,2,data/train_features/jazz.00027.pickle
data\original_audio\jazz\jazz.00028.au,jazz,1,data/train_features/jazz.00028.pickle
data\original_audio\jazz\jazz.00029.au,jazz,3,data/train_features/jazz.00029.pickle
data\original_audio\jazz\jazz.00030.au,jazz,4,data/train_features/jazz.00030.pickle
data\original_audio\jazz\jazz.00031.au,jazz,0,data/train_features/jazz.00031.pickle
data\original_audio\jazz\jazz.00032.au,jazz,1,data/train_features/jazz.00032.pickle
data\original_audio\jazz\jazz.00033.au,jazz,1,data/train_features/jazz.00033.pickle
data\original_audio\jazz\jazz.00034.au,jazz,3,data/train_features/jazz.00034.pickle
data\original_audio\jazz\jazz.00035.au,jazz,2,data/train_features/jazz.00035.pickle
data\original_audio\jazz\jazz.00037.au,jazz,3,data/train_features/jazz.00037.pickle
data\original_audio\jazz\jazz.00038.au,jazz,0,data/train_features/jazz.00038.pickle
data\original_audio\jazz\jazz.00039.au,jazz,4,data/train_features/jazz.00039.pickle
data\original_audio\jazz\jazz.00040.au,jazz,0,data/train_features/jazz.00040.pickle
data\original_audio\jazz\jazz.00041.au,jazz,2,data/train_features/jazz.00041.pickle
data\original_audio\jazz\jazz.00042.au,jazz,2,data/train_features/jazz.00042.pickle
data\original_audio\jazz\jazz.00043.au,jazz,1,data/train_features/jazz.00043.pickle
data\original_audio\jazz\jazz.00044.au,jazz,2,data/train_features/jazz.00044.pickle
data\original_audio\jazz\jazz.00045.au,jazz,4,data/train_features/jazz.00045.pickle
data\original_audio\jazz\jazz.00046.au,jazz,3,data/train_features/jazz.00046.pickle
data\original_audio\jazz\jazz.00047.au,jazz,2,data/train_features/jazz.00047.pickle
data\original_audio\jazz\jazz.00048.au,jazz,3,data/train_features/jazz.00048.pickle
data\original_audio\jazz\jazz.00049.au,jazz,2,data/train_features/jazz.00049.pickle
data\original_audio\jazz\jazz.00050.au,jazz,1,data/train_features/jazz.00050.pickle
data\original_audio\jazz\jazz.00051.au,jazz,0,data/train_features/jazz.00051.pickle
data\original_audio\jazz\jazz.00052.au,jazz,4,data/train_features/jazz.00052.pickle
data\original_audio\jazz\jazz.00053.au,jazz,2,data/train_features/jazz.00053.pickle
data\original_audio\jazz\jazz.00055.au,jazz,3,data/train_features/jazz.00055.pickle
data\original_audio\jazz\jazz.00056.au,jazz,4,data/train_features/jazz.00056.pickle
data\original_audio\jazz\jazz.00057.au,jazz,2,data/train_features/jazz.00057.pickle
data\original_audio\jazz\jazz.00058.au,jazz,2,data/train_features/jazz.00058.pickle
data\original_audio\jazz\jazz.00059.au,jazz,3,data/train_features/jazz.00059.pickle
data\original_audio\jazz\jazz.00061.au,jazz,4,data/train_features/jazz.00061.pickle
data\original_audio\jazz\jazz.00062.au,jazz,0,data/train_features/jazz.00062.pickle
data\original_audio\jazz\jazz.00063.au,jazz,3,data/train_features/jazz.00063.pickle
data\original_audio\jazz\jazz.00064.au,jazz,4,data/train_features/jazz.00064.pickle
data\original_audio\jazz\jazz.00065.au,jazz,1,data/train_features/jazz.00065.pickle
data\original_audio\jazz\jazz.00066.au,jazz,1,data/train_features/jazz.00066.pickle
data\original_audio\jazz\jazz.00067.au,jazz,3,data/train_features/jazz.00067.pickle
data\original_audio\jazz\jazz.00068.au,jazz,2,data/train_features/jazz.00068.pickle
data\original_audio\jazz\jazz.00069.au,jazz,3,data/train_features/jazz.00069.pickle
data\original_audio\jazz\jazz.00070.au,jazz,0,data/train_features/jazz.00070.pickle
data\original_audio\jazz\jazz.00071.au,jazz,4,data/train_features/jazz.00071.pickle
data\original_audio\jazz\jazz.00072.au,jazz,0,data/train_features/jazz.00072.pickle
data\original_audio\jazz\jazz.00074.au,jazz,1,data/train_features/jazz.00074.pickle
data\original_audio\jazz\jazz.00076.au,jazz,0,data/train_features/jazz.00076.pickle
data\original_audio\jazz\jazz.00077.au,jazz,4,data/train_features/jazz.00077.pickle
data\original_audio\jazz\jazz.00078.au,jazz,1,data/train_features/jazz.00078.pickle
data\original_audio\jazz\jazz.00079.au,jazz,2,data/train_features/jazz.00079.pickle
data\original_audio\jazz\jazz.00080.au,jazz,1,data/train_features/jazz.00080.pickle
data\original_audio\jazz\jazz.00081.au,jazz,0,data/train_features/jazz.00081.pickle
data\original_audio\jazz\jazz.00082.au,jazz,2,data/train_features/jazz.00082.pickle
data\original_audio\jazz\jazz.00083.au,jazz,2,data/train_features/jazz.00083.pickle
data\original_audio\jazz\jazz.00084.au,jazz,1,data/train_features/jazz.00084.pickle
data\original_audio\jazz\jazz.00086.au,jazz,0,data/train_features/jazz.00086.pickle
data\original_audio\jazz\jazz.00087.au,jazz,4,data/train_features/jazz.00087.pickle
data\original_audio\jazz\jazz.00088.au,jazz,3,data/train_features/jazz.00088.pickle
data\original_audio\jazz\jazz.00089.au,jazz,3,data/train_features/jazz.00089.pickle
data\original_audio\jazz\jazz.00090.au,jazz,4,data/train_features/jazz.00090.pickle
data\original_audio\jazz\jazz.00091.au,jazz,0,data/train_features/jazz.00091.pickle
data\original_audio\jazz\jazz.00092.au,jazz,0,data/train_features/jazz.00092.pickle
data\original_audio\jazz\jazz.00093.au,jazz,3,data/train_features/jazz.00093.pickle
data\original_audio\jazz\jazz.00094.au,jazz,0,data/train_features/jazz.00094.pickle
data\original_audio\jazz\jazz.00095.au,jazz,4,data/train_features/jazz.00095.pickle
data\original_audio\jazz\jazz.00096.au,jazz,3,data/train_features/jazz.00096.pickle
data\original_audio\jazz\jazz.00097.au,jazz,0,data/train_features/jazz.00097.pickle
data\original_audio\jazz\jazz.00098.au,jazz,4,data/train_features/jazz.00098.pickle
data\original_audio\jazz\jazz.00099.au,jazz,3,data/train_features/jazz.00099.pickle
data\original_audio\metal\metal.00000.au,metal,1,data/train_features/metal.00000.pickle
data\original_audio\metal\metal.00001.au,metal,1,data/train_features/metal.00001.pickle
data\original_audio\metal\metal.00002.au,metal,4,data/train_features/metal.00002.pickle
data\original_audio\metal\metal.00003.au,metal,3,data/train_features/metal.00003.pickle
data\original_audio\metal\metal.00004.au,metal,2,data/train_features/metal.00004.pickle
data\original_audio\metal\metal.00006.au,metal,4,data/train_features/metal.00006.pickle
data\original_audio\metal\metal.00007.au,metal,2,data/train_features/metal.00007.pickle
data\original_audio\metal\metal.00008.au,metal,3,data/train_features/metal.00008.pickle
data\original_audio\metal\metal.00009.au,metal,2,data/train_features/metal.00009.pickle
data\original_audio\metal\metal.00010.au,metal,4,data/train_features/metal.00010.pickle
data\original_audio\metal\metal.00011.au,metal,2,data/train_features/metal.00011.pickle
data\original_audio\metal\metal.00012.au,metal,1,data/train_features/metal.00012.pickle
data\original_audio\metal\metal.00013.au,metal,0,data/train_features/metal.00013.pickle
data\original_audio\metal\metal.00015.au,metal,1,data/train_features/metal.00015.pickle
data\original_audio\metal\metal.00017.au,metal,4,data/train_features/metal.00017.pickle
data\original_audio\metal\metal.00018.au,metal,4,data/train_features/metal.00018.pickle
data\original_audio\metal\metal.00019.au,metal,3,data/train_features/metal.00019.pickle
data\original_audio\metal\metal.00021.au,metal,1,data/train_features/metal.00021.pickle
data\original_audio\metal\metal.00022.au,metal,0,data/train_features/metal.00022.pickle
data\original_audio\metal\metal.00023.au,metal,3,data/train_features/metal.00023.pickle
data\original_audio\metal\metal.00024.au,metal,4,data/train_features/metal.00024.pickle
data\original_audio\metal\metal.00025.au,metal,3,data/train_features/metal.00025.pickle
data\original_audio\metal\metal.00026.au,metal,3,data/train_features/metal.00026.pickle
data\original_audio\metal\metal.00027.au,metal,2,data/train_features/metal.00027.pickle
data\original_audio\metal\metal.00028.au,metal,4,data/train_features/metal.00028.pickle
data\original_audio\metal\metal.00029.au,metal,3,data/train_features/metal.00029.pickle
data\original_audio\metal\metal.00030.au,metal,2,data/train_features/metal.00030.pickle
data\original_audio\metal\metal.00031.au,metal,0,data/train_features/metal.00031.pickle
data\original_audio\metal\metal.00032.au,metal,4,data/train_features/metal.00032.pickle
data\original_audio\metal\metal.00033.au,metal,0,data/train_features/metal.00033.pickle
data\original_audio\metal\metal.00034.au,metal,1,data/train_features/metal.00034.pickle
data\original_audio\metal\metal.00035.au,metal,4,data/train_features/metal.00035.pickle
data\original_audio\metal\metal.00036.au,metal,0,data/train_features/metal.00036.pickle
data\original_audio\metal\metal.00037.au,metal,1,data/train_features/metal.00037.pickle
data\original_audio\metal\metal.00038.au,metal,4,data/train_features/metal.00038.pickle
data\original_audio\metal\metal.00039.au,metal,4,data/train_features/metal.00039.pickle
data\original_audio\metal\metal.00040.au,metal,0,data/train_features/metal.00040.pickle
data\original_audio\metal\metal.00041.au,metal,1,data/train_features/metal.00041.pickle
data\original_audio\metal\metal.00042.au,metal,3,data/train_features/metal.00042.pickle
data\original_audio\metal\metal.00043.au,metal,1,data/train_features/metal.00043.pickle
data\original_audio\metal\metal.00044.au,metal,3,data/train_features/metal.00044.pickle
data\original_audio\metal\metal.00045.au,metal,0,data/train_features/metal.00045.pickle
data\original_audio\metal\metal.00046.au,metal,3,data/train_features/metal.00046.pickle
data\original_audio\metal\metal.00048.au,metal,1,data/train_features/metal.00048.pickle
data\original_audio\metal\metal.00049.au,metal,1,data/train_features/metal.00049.pickle
data\original_audio\metal\metal.00050.au,metal,2,data/train_features/metal.00050.pickle
data\original_audio\metal\metal.00051.au,metal,4,data/train_features/metal.00051.pickle
data\original_audio\metal\metal.00052.au,metal,0,data/train_features/metal.00052.pickle
data\original_audio\metal\metal.00053.au,metal,0,data/train_features/metal.00053.pickle
data\original_audio\metal\metal.00054.au,metal,2,data/train_features/metal.00054.pickle
data\original_audio\metal\metal.00055.au,metal,0,data/train_features/metal.00055.pickle
data\original_audio\metal\metal.00057.au,metal,3,data/train_features/metal.00057.pickle
data\original_audio\metal\metal.00058.au,metal,2,data/train_features/metal.00058.pickle
data\original_audio\metal\metal.00060.au,metal,3,data/train_features/metal.00060.pickle
data\original_audio\metal\metal.00061.au,metal,3,data/train_features/metal.00061.pickle
data\original_audio\metal\metal.00062.au,metal,3,data/train_features/metal.00062.pickle
data\original_audio\metal\metal.00063.au,metal,0,data/train_features/metal.00063.pickle
data\original_audio\metal\metal.00064.au,metal,2,data/train_features/metal.00064.pickle
data\original_audio\metal\metal.00066.au,metal,1,data/train_features/metal.00066.pickle
data\original_audio\metal\metal.00067.au,metal,0,data/train_features/metal.00067.pickle
data\original_audio\metal\metal.00068.au,metal,2,data/train_features/metal.00068.pickle
data\original_audio\metal\metal.00069.au,metal,0,data/train_features/metal.00069.pickle
data\original_audio\metal\metal.00070.au,metal,2,data/train_features/metal.00070.pickle
data\original_audio\metal\metal.00071.au,metal,1,data/train_features/metal.00071.pickle
data\original_audio\metal\metal.00072.au,metal,4,data/train_features/metal.00072.pickle
data\original_audio\metal\metal.00073.au,metal,2,data/train_features/metal.00073.pickle
data\original_audio\metal\metal.00074.au,metal,0,data/train_features/metal.00074.pickle
data\original_audio\metal\metal.00075.au,metal,2,data/train_features/metal.00075.pickle
data\original_audio\metal\metal.00076.au,metal,0,data/train_features/metal.00076.pickle
data\original_audio\metal\metal.00077.au,metal,2,data/train_features/metal.00077.pickle
data\original_audio\metal\metal.00078.au,metal,1,data/train_features/metal.00078.pickle
data\original_audio\metal\metal.00079.au,metal,2,data/train_features/metal.00079.pickle
data\original_audio\metal\metal.00080.au,metal,0,data/train_features/metal.00080.pickle
data\original_audio\metal\metal.00081.au,metal,3,data/train_features/metal.00081.pickle
data\original_audio\metal\metal.00082.au,metal,1,data/train_features/metal.00082.pickle
data\original_audio\metal\metal.00083.au,metal,4,data/train_features/metal.00083.pickle
data\original_audio\metal\metal.00084.au,metal,4,data/train_features/metal.00084.pickle
data\original_audio\metal\metal.00086.au,metal,4,data/train_features/metal.00086.pickle
data\original_audio\metal\metal.00088.au,metal,2,data/train_features/metal.00088.pickle
data\original_audio\metal\metal.00089.au,metal,2,data/train_features/metal.00089.pickle
data\original_audio\metal\metal.00090.au,metal,1,data/train_features/metal.00090.pickle
data\original_audio\metal\metal.00091.au,metal,1,data/train_features/metal.00091.pickle
data\original_audio\metal\metal.00092.au,metal,0,data/train_features/metal.00092.pickle
data\original_audio\metal\metal.00093.au,metal,1,data/train_features/metal.00093.pickle
data\original_audio\metal\metal.00094.au,metal,0,data/train_features/metal.00094.pickle
data\original_audio\metal\metal.00095.au,metal,3,data/train_features/metal.00095.pickle
data\original_audio\metal\metal.00096.au,metal,3,data/train_features/metal.00096.pickle
data\original_audio\metal\metal.00097.au,metal,4,data/train_features/metal.00097.pickle
data\original_audio\metal\metal.00098.au,metal,3,data/train_features/metal.00098.pickle
data\original_audio\metal\metal.00099.au,metal,4,data/train_features/metal.00099.pickle
data\original_audio\pop\pop.00000.au,pop,0,data/train_features/pop.00000.pickle
data\original_audio\pop\pop.00001.au,pop,1,data/train_features/pop.00001.pickle
data\original_audio\pop\pop.00002.au,pop,0,data/train_features/pop.00002.pickle
data\original_audio\pop\pop.00003.au,pop,4,data/train_features/pop.00003.pickle
data\original_audio\pop\pop.00004.au,pop,3,data/train_features/pop.00004.pickle
data\original_audio\pop\pop.00005.au,pop,1,data/train_features/pop.00005.pickle
data\original_audio\pop\pop.00006.au,pop,2,data/train_features/pop.00006.pickle
data\original_audio\pop\pop.00007.au,pop,1,data/train_features/pop.00007.pickle
data\original_audio\pop\pop.00008.au,pop,0,data/train_features/pop.00008.pickle
data\original_audio\pop\pop.00009.au,pop,2,data/train_features/pop.00009.pickle
data\original_audio\pop\pop.00010.au,pop,1,data/train_features/pop.00010.pickle
data\original_audio\pop\pop.00011.au,pop,4,data/train_features/pop.00011.pickle
data\original_audio\pop\pop.00012.au,pop,1,data/train_features/pop.00012.pickle
data\original_audio\pop\pop.00013.au,pop,4,data/train_features/pop.00013.pickle
data\original_audio\pop\pop.00014.au,pop,2,data/train_features/pop.00014.pickle
data\original_audio\pop\pop.00015.au,pop,1,data/train_features/pop.00015.pickle
data\original_audio\pop\pop.00016.au,pop,0,data/train_features/pop.00016.pickle
data\original_audio\pop\pop.00017.au,pop,1,data/train_features/pop.00017.pickle
data\original_audio\pop\pop.00019.au,pop,2,data/train_features/pop.00019.pickle
data\original_audio\pop\pop.00020.au,pop,3,data/train_features/pop.00020.pickle
data\original_audio\pop\pop.00021.au,pop,1,data/train_features/pop.00021.pickle
data\original_audio\pop\pop.00022.au,pop,4,data/train_features/pop.00022.pickle
data\original_audio\pop\pop.00023.au,pop,4,data/train_features/pop.00023.pickle
data\original_audio\pop\pop.00024.au,pop,4,data/train_features/pop.00024.pickle
data\original_audio\pop\pop.00025.au,pop,0,data/train_features/pop.00025.pickle
data\original_audio\pop\pop.00026.au,pop,0,data/train_features/pop.00026.pickle
data\original_audio\pop\pop.00027.au,pop,3,data/train_features/pop.00027.pickle
data\original_audio\pop\pop.00028.au,pop,2,data/train_features/pop.00028.pickle
data\original_audio\pop\pop.00029.au,pop,1,data/train_features/pop.00029.pickle
data\original_audio\pop\pop.00030.au,pop,3,data/train_features/pop.00030.pickle
data\original_audio\pop\pop.00031.au,pop,0,data/train_features/pop.00031.pickle
data\original_audio\pop\pop.00032.au,pop,0,data/train_features/pop.00032.pickle
data\original_audio\pop\pop.00033.au,pop,3,data/train_features/pop.00033.pickle
data\original_audio\pop\pop.00034.au,pop,3,data/train_features/pop.00034.pickle
data\original_audio\pop\pop.00036.au,pop,3,data/train_features/pop.00036.pickle
data\original_audio\pop\pop.00037.au,pop,3,data/train_features/pop.00037.pickle
data\original_audio\pop\pop.00038.au,pop,1,data/train_features/pop.00038.pickle
data\original_audio\pop\pop.00039.au,pop,4,data/train_features/pop.00039.pickle
data\original_audio\pop\pop.00040.au,pop,2,data/train_features/pop.00040.pickle
data\original_audio\pop\pop.00041.au,pop,3,data/train_features/pop.00041.pickle
data\original_audio\pop\pop.00042.au,pop,1,data/train_features/pop.00042.pickle
data\original_audio\pop\pop.00043.au,pop,2,data/train_features/pop.00043.pickle
data\original_audio\pop\pop.00044.au,pop,4,data/train_features/pop.00044.pickle
data\original_audio\pop\pop.00045.au,pop,4,data/train_features/pop.00045.pickle
data\original_audio\pop\pop.00046.au,pop,0,data/train_features/pop.00046.pickle
data\original_audio\pop\pop.00047.au,pop,3,data/train_features/pop.00047.pickle
data\original_audio\pop\pop.00048.au,pop,3,data/train_features/pop.00048.pickle
data\original_audio\pop\pop.00049.au,pop,3,data/train_features/pop.00049.pickle
data\original_audio\pop\pop.00050.au,pop,0,data/train_features/pop.00050.pickle
data\original_audio\pop\pop.00051.au,pop,4,data/train_features/pop.00051.pickle
data\original_audio\pop\pop.00052.au,pop,1,data/train_features/pop.00052.pickle
data\original_audio\pop\pop.00053.au,pop,4,data/train_features/pop.00053.pickle
data\original_audio\pop\pop.00054.au,pop,2,data/train_features/pop.00054.pickle
data\original_audio\pop\pop.00055.au,pop,2,data/train_features/pop.00055.pickle
data\original_audio\pop\pop.00056.au,pop,2,data/train_features/pop.00056.pickle
data\original_audio\pop\pop.00057.au,pop,1,data/train_features/pop.00057.pickle
data\original_audio\pop\pop.00058.au,pop,0,data/train_features/pop.00058.pickle
data\original_audio\pop\pop.00059.au,pop,3,data/train_features/pop.00059.pickle
data\original_audio\pop\pop.00060.au,pop,2,data/train_features/pop.00060.pickle
data\original_audio\pop\pop.00061.au,pop,0,data/train_features/pop.00061.pickle
data\original_audio\pop\pop.00062.au,pop,1,data/train_features/pop.00062.pickle
data\original_audio\pop\pop.00063.au,pop,2,data/train_features/pop.00063.pickle
data\original_audio\pop\pop.00064.au,pop,0,data/train_features/pop.00064.pickle
data\original_audio\pop\pop.00066.au,pop,2,data/train_features/pop.00066.pickle
data\original_audio\pop\pop.00067.au,pop,1,data/train_features/pop.00067.pickle
data\original_audio\pop\pop.00068.au,pop,2,data/train_features/pop.00068.pickle
data\original_audio\pop\pop.00069.au,pop,3,data/train_features/pop.00069.pickle
data\original_audio\pop\pop.00071.au,pop,4,data/train_features/pop.00071.pickle
data\original_audio\pop\pop.00072.au,pop,4,data/train_features/pop.00072.pickle
data\original_audio\pop\pop.00073.au,pop,4,data/train_features/pop.00073.pickle
data\original_audio\pop\pop.00074.au,pop,0,data/train_features/pop.00074.pickle
data\original_audio\pop\pop.00075.au,pop,2,data/train_features/pop.00075.pickle
data\original_audio\pop\pop.00077.au,pop,3,data/train_features/pop.00077.pickle
data\original_audio\pop\pop.00078.au,pop,3,data/train_features/pop.00078.pickle
data\original_audio\pop\pop.00079.au,pop,1,data/train_features/pop.00079.pickle
data\original_audio\pop\pop.00080.au,pop,4,data/train_features/pop.00080.pickle
data\original_audio\pop\pop.00082.au,pop,3,data/train_features/pop.00082.pickle
data\original_audio\pop\pop.00083.au,pop,0,data/train_features/pop.00083.pickle
data\original_audio\pop\pop.00085.au,pop,2,data/train_features/pop.00085.pickle
data\original_audio\pop\pop.00086.au,pop,0,data/train_features/pop.00086.pickle
data\original_audio\pop\pop.00087.au,pop,4,data/train_features/pop.00087.pickle
data\original_audio\pop\pop.00088.au,pop,1,data/train_features/pop.00088.pickle
data\original_audio\pop\pop.00089.au,pop,1,data/train_features/pop.00089.pickle
data\original_audio\pop\pop.00090.au,pop,2,data/train_features/pop.00090.pickle
data\original_audio\pop\pop.00091.au,pop,3,data/train_features/pop.00091.pickle
data\original_audio\pop\pop.00092.au,pop,4,data/train_features/pop.00092.pickle
data\original_audio\pop\pop.00094.au,pop,4,data/train_features/pop.00094.pickle
data\original_audio\pop\pop.00095.au,pop,0,data/train_features/pop.00095.pickle
data\original_audio\pop\pop.00096.au,pop,0,data/train_features/pop.00096.pickle
data\original_audio\pop\pop.00098.au,pop,2,data/train_features/pop.00098.pickle
data\original_audio\reggae\reggae.00000.au,reggae,2,data/train_features/reggae.00000.pickle
data\original_audio\reggae\reggae.00001.au,reggae,0,data/train_features/reggae.00001.pickle
data\original_audio\reggae\reggae.00002.au,reggae,2,data/train_features/reggae.00002.pickle
data\original_audio\reggae\reggae.00003.au,reggae,4,data/train_features/reggae.00003.pickle
data\original_audio\reggae\reggae.00004.au,reggae,3,data/train_features/reggae.00004.pickle
data\original_audio\reggae\reggae.00005.au,reggae,0,data/train_features/reggae.00005.pickle
data\original_audio\reggae\reggae.00006.au,reggae,1,data/train_features/reggae.00006.pickle
data\original_audio\reggae\reggae.00007.au,reggae,1,data/train_features/reggae.00007.pickle
data\original_audio\reggae\reggae.00008.au,reggae,0,data/train_features/reggae.00008.pickle
data\original_audio\reggae\reggae.00009.au,reggae,0,data/train_features/reggae.00009.pickle
data\original_audio\reggae\reggae.00010.au,reggae,0,data/train_features/reggae.00010.pickle
data\original_audio\reggae\reggae.00011.au,reggae,1,data/train_features/reggae.00011.pickle
data\original_audio\reggae\reggae.00012.au,reggae,2,data/train_features/reggae.00012.pickle
data\original_audio\reggae\reggae.00014.au,reggae,2,data/train_features/reggae.00014.pickle
data\original_audio\reggae\reggae.00015.au,reggae,3,data/train_features/reggae.00015.pickle
data\original_audio\reggae\reggae.00016.au,reggae,2,data/train_features/reggae.00016.pickle
data\original_audio\reggae\reggae.00018.au,reggae,0,data/train_features/reggae.00018.pickle
data\original_audio\reggae\reggae.00019.au,reggae,3,data/train_features/reggae.00019.pickle
data\original_audio\reggae\reggae.00021.au,reggae,3,data/train_features/reggae.00021.pickle
data\original_audio\reggae\reggae.00022.au,reggae,3,data/train_features/reggae.00022.pickle
data\original_audio\reggae\reggae.00023.au,reggae,1,data/train_features/reggae.00023.pickle
data\original_audio\reggae\reggae.00024.au,reggae,0,data/train_features/reggae.00024.pickle
data\original_audio\reggae\reggae.00025.au,reggae,1,data/train_features/reggae.00025.pickle
data\original_audio\reggae\reggae.00027.au,reggae,3,data/train_features/reggae.00027.pickle
data\original_audio\reggae\reggae.00028.au,reggae,1,data/train_features/reggae.00028.pickle
data\original_audio\reggae\reggae.00029.au,reggae,0,data/train_features/reggae.00029.pickle
data\original_audio\reggae\reggae.00030.au,reggae,0,data/train_features/reggae.00030.pickle
data\original_audio\reggae\reggae.00031.au,reggae,3,data/train_features/reggae.00031.pickle
data\original_audio\reggae\reggae.00032.au,reggae,4,data/train_features/reggae.00032.pickle
data\original_audio\reggae\reggae.00033.au,reggae,2,data/train_features/reggae.00033.pickle
data\original_audio\reggae\reggae.00034.au,reggae,1,data/train_features/reggae.00034.pickle
data\original_audio\reggae\reggae.00035.au,reggae,1,data/train_features/reggae.00035.pickle
data\original_audio\reggae\reggae.00036.au,reggae,4,data/train_features/reggae.00036.pickle
data\original_audio\reggae\reggae.00037.au,reggae,4,data/train_features/reggae.00037.pickle
data\original_audio\reggae\reggae.00038.au,reggae,4,data/train_features/reggae.00038.pickle
data\original_audio\reggae\reggae.00039.au,reggae,2,data/train_features/reggae.00039.pickle
data\original_audio\reggae\reggae.00040.au,reggae,4,data/train_features/reggae.00040.pickle
data\original_audio\reggae\reggae.00041.au,reggae,3,data/train_features/reggae.00041.pickle
data\original_audio\reggae\reggae.00042.au,reggae,3,data/train_features/reggae.00042.pickle
data\original_audio\reggae\reggae.00043.au,reggae,2,data/train_features/reggae.00043.pickle
data\original_audio\reggae\reggae.00044.au,reggae,4,data/train_features/reggae.00044.pickle
data\original_audio\reggae\reggae.00045.au,reggae,1,data/train_features/reggae.00045.pickle
data\original_audio\reggae\reggae.00046.au,reggae,0,data/train_features/reggae.00046.pickle
data\original_audio\reggae\reggae.00047.au,reggae,4,data/train_features/reggae.00047.pickle
data\original_audio\reggae\reggae.00048.au,reggae,1,data/train_features/reggae.00048.pickle
data\original_audio\reggae\reggae.00049.au,reggae,1,data/train_features/reggae.00049.pickle
data\original_audio\reggae\reggae.00050.au,reggae,3,data/train_features/reggae.00050.pickle
data\original_audio\reggae\reggae.00051.au,reggae,4,data/train_features/reggae.00051.pickle
data\original_audio\reggae\reggae.00052.au,reggae,2,data/train_features/reggae.00052.pickle
data\original_audio\reggae\reggae.00053.au,reggae,0,data/train_features/reggae.00053.pickle
data\original_audio\reggae\reggae.00054.au,reggae,2,data/train_features/reggae.00054.pickle
data\original_audio\reggae\reggae.00055.au,reggae,0,data/train_features/reggae.00055.pickle
data\original_audio\reggae\reggae.00056.au,reggae,1,data/train_features/reggae.00056.pickle
data\original_audio\reggae\reggae.00057.au,reggae,4,data/train_features/reggae.00057.pickle
data\original_audio\reggae\reggae.00058.au,reggae,0,data/train_features/reggae.00058.pickle
data\original_audio\reggae\reggae.00060.au,reggae,2,data/train_features/reggae.00060.pickle
data\original_audio\reggae\reggae.00062.au,reggae,0,data/train_features/reggae.00062.pickle
data\original_audio\reggae\reggae.00063.au,reggae,3,data/train_features/reggae.00063.pickle
data\original_audio\reggae\reggae.00064.au,reggae,0,data/train_features/reggae.00064.pickle
data\original_audio\reggae\reggae.00065.au,reggae,4,data/train_features/reggae.00065.pickle
data\original_audio\reggae\reggae.00066.au,reggae,1,data/train_features/reggae.00066.pickle
data\original_audio\reggae\reggae.00068.au,reggae,1,data/train_features/reggae.00068.pickle
data\original_audio\reggae\reggae.00069.au,reggae,0,data/train_features/reggae.00069.pickle
data\original_audio\reggae\reggae.00070.au,reggae,4,data/train_features/reggae.00070.pickle
data\original_audio\reggae\reggae.00071.au,reggae,3,data/train_features/reggae.00071.pickle
data\original_audio\reggae\reggae.00072.au,reggae,2,data/train_features/reggae.00072.pickle
data\original_audio\reggae\reggae.00073.au,reggae,1,data/train_features/reggae.00073.pickle
data\original_audio\reggae\reggae.00074.au,reggae,4,data/train_features/reggae.00074.pickle
data\original_audio\reggae\reggae.00075.au,reggae,4,data/train_features/reggae.00075.pickle
data\original_audio\reggae\reggae.00076.au,reggae,2,data/train_features/reggae.00076.pickle
data\original_audio\reggae\reggae.00078.au,reggae,0,data/train_features/reggae.00078.pickle
data\original_audio\reggae\reggae.00080.au,reggae,4,data/train_features/reggae.00080.pickle
data\original_audio\reggae\reggae.00081.au,reggae,3,data/train_features/reggae.00081.pickle
data\original_audio\reggae\reggae.00082.au,reggae,4,data/train_features/reggae.00082.pickle
data\original_audio\reggae\reggae.00083.au,reggae,1,data/train_features/reggae.00083.pickle
data\original_audio\reggae\reggae.00084.au,reggae,2,data/train_features/reggae.00084.pickle
data\original_audio\reggae\reggae.00085.au,reggae,4,data/train_features/reggae.00085.pickle
data\original_audio\reggae\reggae.00086.au,reggae,2,data/train_features/reggae.00086.pickle
data\original_audio\reggae\reggae.00087.au,reggae,3,data/train_features/reggae.00087.pickle
data\original_audio\reggae\reggae.00088.au,reggae,0,data/train_features/reggae.00088.pickle
data\original_audio\reggae\reggae.00090.au,reggae,1,data/train_features/reggae.00090.pickle
data\original_audio\reggae\reggae.00091.au,reggae,4,data/train_features/reggae.00091.pickle
data\original_audio\reggae\reggae.00092.au,reggae,3,data/train_features/reggae.00092.pickle
data\original_audio\reggae\reggae.00093.au,reggae,3,data/train_features/reggae.00093.pickle
data\original_audio\reggae\reggae.00094.au,reggae,2,data/train_features/reggae.00094.pickle
data\original_audio\reggae\reggae.00095.au,reggae,3,data/train_features/reggae.00095.pickle
data\original_audio\reggae\reggae.00096.au,reggae,3,data/train_features/reggae.00096.pickle
data\original_audio\reggae\reggae.00097.au,reggae,1,data/train_features/reggae.00097.pickle
data\original_audio\reggae\reggae.00098.au,reggae,2,data/train_features/reggae.00098.pickle
data\original_audio\reggae\reggae.00099.au,reggae,2,data/train_features/reggae.00099.pickle
data\original_audio\rock\rock.00000.au,rock,2,data/train_features/rock.00000.pickle
data\original_audio\rock\rock.00001.au,rock,2,data/train_features/rock.00001.pickle
data\original_audio\rock\rock.00002.au,rock,1,data/train_features/rock.00002.pickle
data\original_audio\rock\rock.00003.au,rock,4,data/train_features/rock.00003.pickle
data\original_audio\rock\rock.00004.au,rock,4,data/train_features/rock.00004.pickle
data\original_audio\rock\rock.00005.au,rock,1,data/train_features/rock.00005.pickle
data\original_audio\rock\rock.00006.au,rock,3,data/train_features/rock.00006.pickle
data\original_audio\rock\rock.00007.au,rock,0,data/train_features/rock.00007.pickle
data\original_audio\rock\rock.00008.au,rock,2,data/train_features/rock.00008.pickle
data\original_audio\rock\rock.00009.au,rock,4,data/train_features/rock.00009.pickle
data\original_audio\rock\rock.00010.au,rock,0,data/train_features/rock.00010.pickle
data\original_audio\rock\rock.00011.au,rock,4,data/train_features/rock.00011.pickle
data\original_audio\rock\rock.00013.au,rock,3,data/train_features/rock.00013.pickle
data\original_audio\rock\rock.00014.au,rock,2,data/train_features/rock.00014.pickle
data\original_audio\rock\rock.00015.au,rock,4,data/train_features/rock.00015.pickle
data\original_audio\rock\rock.00016.au,rock,4,data/train_features/rock.00016.pickle
data\original_audio\rock\rock.00017.au,rock,1,data/train_features/rock.00017.pickle
data\original_audio\rock\rock.00018.au,rock,1,data/train_features/rock.00018.pickle
data\original_audio\rock\rock.00019.au,rock,1,data/train_features/rock.00019.pickle
data\original_audio\rock\rock.00022.au,rock,2,data/train_features/rock.00022.pickle
data\original_audio\rock\rock.00023.au,rock,1,data/train_features/rock.00023.pickle
data\original_audio\rock\rock.00024.au,rock,0,data/train_features/rock.00024.pickle
data\original_audio\rock\rock.00025.au,rock,1,data/train_features/rock.00025.pickle
data\original_audio\rock\rock.00026.au,rock,3,data/train_features/rock.00026.pickle
data\original_audio\rock\rock.00027.au,rock,4,data/train_features/rock.00027.pickle
data\original_audio\rock\rock.00028.au,rock,0,data/train_features/rock.00028.pickle
data\original_audio\rock\rock.00029.au,rock,0,data/train_features/rock.00029.pickle
data\original_audio\rock\rock.00030.au,rock,0,data/train_features/rock.00030.pickle
data\original_audio\rock\rock.00031.au,rock,4,data/train_features/rock.00031.pickle
data\original_audio\rock\rock.00032.au,rock,4,data/train_features/rock.00032.pickle
data\original_audio\rock\rock.00034.au,rock,4,data/train_features/rock.00034.pickle
data\original_audio\rock\rock.00035.au,rock,1,data/train_features/rock.00035.pickle
data\original_audio\rock\rock.00036.au,rock,1,data/train_features/rock.00036.pickle
data\original_audio\rock\rock.00037.au,rock,0,data/train_features/rock.00037.pickle
data\original_audio\rock\rock.00038.au,rock,3,data/train_features/rock.00038.pickle
data\original_audio\rock\rock.00039.au,rock,3,data/train_features/rock.00039.pickle
data\original_audio\rock\rock.00040.au,rock,0,data/train_features/rock.00040.pickle
data\original_audio\rock\rock.00041.au,rock,2,data/train_features/rock.00041.pickle
data\original_audio\rock\rock.00042.au,rock,3,data/train_features/rock.00042.pickle
data\original_audio\rock\rock.00043.au,rock,4,data/train_features/rock.00043.pickle
data\original_audio\rock\rock.00044.au,rock,4,data/train_features/rock.00044.pickle
data\original_audio\rock\rock.00045.au,rock,1,data/train_features/rock.00045.pickle
data\original_audio\rock\rock.00048.au,rock,1,data/train_features/rock.00048.pickle
data\original_audio\rock\rock.00049.au,rock,3,data/train_features/rock.00049.pickle
data\original_audio\rock\rock.00050.au,rock,3,data/train_features/rock.00050.pickle
data\original_audio\rock\rock.00051.au,rock,1,data/train_features/rock.00051.pickle
data\original_audio\rock\rock.00052.au,rock,4,data/train_features/rock.00052.pickle
data\original_audio\rock\rock.00053.au,rock,1,data/train_features/rock.00053.pickle
data\original_audio\rock\rock.00054.au,rock,2,data/train_features/rock.00054.pickle
data\original_audio\rock\rock.00056.au,rock,4,data/train_features/rock.00056.pickle
data\original_audio\rock\rock.00057.au,rock,3,data/train_features/rock.00057.pickle
data\original_audio\rock\rock.00058.au,rock,2,data/train_features/rock.00058.pickle
data\original_audio\rock\rock.00059.au,rock,2,data/train_features/rock.00059.pickle
data\original_audio\rock\rock.00061.au,rock,3,data/train_features/rock.00061.pickle
data\original_audio\rock\rock.00062.au,rock,0,data/train_features/rock.00062.pickle
data\original_audio\rock\rock.00063.au,rock,3,data/train_features/rock.00063.pickle
data\original_audio\rock\rock.00064.au,rock,1,data/train_features/rock.00064.pickle
data\original_audio\rock\rock.00065.au,rock,2,data/train_features/rock.00065.pickle
data\original_audio\rock\rock.00067.au,rock,1,data/train_features/rock.00067.pickle
data\original_audio\rock\rock.00068.au,rock,0,data/train_features/rock.00068.pickle
data\original_audio\rock\rock.00069.au,rock,2,data/train_features/rock.00069.pickle
data\original_audio\rock\rock.00070.au,rock,0,data/train_features/rock.00070.pickle
data\original_audio\rock\rock.00071.au,rock,0,data/train_features/rock.00071.pickle
data\original_audio\rock\rock.00072.au,rock,1,data/train_features/rock.00072.pickle
data\original_audio\rock\rock.00073.au,rock,0,data/train_features/rock.00073.pickle
data\original_audio\rock\rock.00074.au,rock,3,data/train_features/rock.00074.pickle
data\original_audio\rock\rock.00075.au,rock,2,data/train_features/rock.00075.pickle
data\original_audio\rock\rock.00076.au,rock,0,data/train_features/rock.00076.pickle
data\original_audio\rock\rock.00077.au,rock,1,data/train_features/rock.00077.pickle
data\original_audio\rock\rock.00078.au,rock,3,data/train_features/rock.00078.pickle
data\original_audio\rock\rock.00079.au,rock,2,data/train_features/rock.00079.pickle
data\original_audio\rock\rock.00080.au,rock,4,data/train_features/rock.00080.pickle
data\original_audio\rock\rock.00081.au,rock,4,data/train_features/rock.00081.pickle
data\original_audio\rock\rock.00082.au,rock,2,data/train_features/rock.00082.pickle
data\original_audio\rock\rock.00083.au,rock,3,data/train_features/rock.00083.pickle
data\original_audio\rock\rock.00084.au,rock,0,data/train_features/rock.00084.pickle
data\original_audio\rock\rock.00085.au,rock,1,data/train_features/rock.00085.pickle
data\original_audio\rock\rock.00086.au,rock,3,data/train_features/rock.00086.pickle
data\original_audio\rock\rock.00087.au,rock,3,data/train_features/rock.00087.pickle
data\original_audio\rock\rock.00088.au,rock,0,data/train_features/rock.00088.pickle
data\original_audio\rock\rock.00090.au,rock,0,data/train_features/rock.00090.pickle
data\original_audio\rock\rock.00091.au,rock,3,data/train_features/rock.00091.pickle
data\original_audio\rock\rock.00092.au,rock,4,data/train_features/rock.00092.pickle
data\original_audio\rock\rock.00093.au,rock,3,data/train_features/rock.00093.pickle
data\original_audio\rock\rock.00094.au,rock,2,data/train_features/rock.00094.pickle
data\original_audio\rock\rock.00095.au,rock,2,data/train_features/rock.00095.pickle
data\original_audio\rock\rock.00096.au,rock,2,data/train_features/rock.00096.pickle
data\original_audio\rock\rock.00097.au,rock,4,data/train_features/rock.00097.pickle
data\original_audio\rock\rock.00098.au,rock,2,data/train_features/rock.00098.pickle
data\original_audio\rock\rock.00099.au,rock,0,data/train_features/rock.00099.pickle
